item_name,description,quantity,unit_cost,total_cost
Cal—Royal Locks Pioneer SL00 entrance lever grade 2 w/Schlage E keyway 26D,Pioneer SL00 entrance lever grade 2 w/Schlage E keyway 26D,18,45.00,810.00
Cal—Royal Locks Pioneer SL05 storage lever grade 2 26D,Pioneer SL05 storage lever grade 2 26D,17,37.00,629.00
Cal—Royal Locks Pioneer SL20 privacy lever grade 2,Pioneer SL20 privacy lever grade 2,7,27.to,1gs.3o
Cal—Royal Locks Pioneer SL30 passage lever grade 2,Pioneer SL30 passage lever grade 2,1,27.00,27.00
Cal—Royal Locks 8000 dummy lever trim 26D,8000 dummy lever trim 26D,2,28.00,56.00
Cal—Royal Locks deadbolt CRB800,deadbolt CRB800,9,33.00,297.00
Cal—Royal Locks deadbolt CRB700,deadbolt CRB700,1,33.00,33.00
Cal—Royal Locks rim exit 7700,rim exit 7700,25,195.00,"4,875.00"
Cal—Royal Locks rim exit 6600,rim exit 6600,0,132.58,
Cal—Royal Locks rim exit 6600 x 48,rim exit 6600 x 48,0,132.58,
Cal—Royal Locks Exit device passage set PAS30L,Exit device passage set PAS30L,9,33.50,301.50
Cal—Royal Locks Exit device storeroom STR-05L,Exit device storeroom STR-05L,9,54.18,487.62
Cal—Royal Locks Exit device entrance ENT-OOL,Exit device entrance ENT-OOL,6,51.52,309.12
Cal—Royal Locks Exit device night latch 7700NL,Exit device night latch 7700NL,1,44.02,44.02
Cal—Royal Locks Exit device mortise trim entrance MRESC-OO,Exit device mortise trim entrance MRESC-OO,4,74.00,296.00
Cal—Royal Locks GN30 Passage,GN30 Passage,0,27.00,
Cal—Royal Locks Exit MR7700 EO36. 2RHR-1LHQ,Exit MR7700 EO36. 2RHR-1LHQ,3,278.00,834.00
Cal—Royal Locks Detex V40-628 Exit alarm 03Px628,Detex V40-628 Exit alarm 03Px628,2,408.65,817.30
Cal-Royal Closers N900PBFDA alum.,N900PBFDA alum.,77,48.80,"3,757.60"
Cal-Royal Closers CR441DABC,CR441DABC,18,90.00,"1,620.00"
Cal-Royal Closers 4040 XP MC RW/PA 4526,4040 XP MC RW/PA 4526,1,776.00,776.00
"Pemko 171AS 36""","171AS 36""",24,21.92,52b.08
"Thresholds and 171AS 72""","171AS 72""",12,19.95,239.40
Weatherstrip 18041CNB 36,18041CNB 36,7,4.45,31.15
"Weatherstrip 181AV 36""","181AV 36""",13,13.15,170.95
"Weatherstrip 181AV 42""","181AV 42""",2,25.00,50.00
Weatherstrip 181AV 48“,181AV 48“,4,28.00,112.00
"Weatherstrip 181AV 72""","181AV 72""",14,26.30,368.20
"Weatherstrip 2005AT 36""","2005AT 36""",1,14.75,14.75
"Weatherstrip 2005AT 72""","2005AT 72""",0,29.55,
"Weatherstrip 274A 36""","274A 36""",0,29.86,
Weatherstrip 303AS 3684,303AS 3684,0,8.00,
Weatherstrip 303AS 7284,303AS 7284,0,27.20,
"Weatherstrip 303AV 36""","303AV 36""",44,5.00,220.00
"Weatherstrip 303AV 42""","303AV 42""",17,7.00,119.00
Weatherstrip 412CRL 36,412CRL 36,1,10.60,10.60
Weatherstrip 4301CRL 36,4301CRL 36,0,43.80,
Weatherstrip 303AV3684,303AV3684,28,8.00,224.00
Weatherstrip 56AV 48,56AV 48,19,10.08,191.52
Weatherstrip 217AV 48,217AV 48,0,14.11,
Weatherstrip 56AV 96,56AV 96,7,10.00,70.00
"Weatherstrip 18041 CNB 36"" door sweep","18041 CNB 36"" door sweep",7,6.00,42.00
"Weatherstrip 413S 36""","413S 36""",2,,0.00
"Pemko 205AV 72""","205AV 72""",0,6.00,
Door Bottoms 221AV 48”,221AV 48”,0,19.85,
"Door Bottoms 307AV 36""","307AV 36""",71,5.48,389.08
"Door Bottoms 307AV 48""","307AV 48""",18,5.40,97.20
"Door Bottoms 345AV 36""","345AV 36""",0,5.25,
"Door Bottoms 345AV 72""","345AV 72""",0,23.14,
"Door Bottoms 346C 52""","346C 52""",0,15.83,
"Door Bottoms 346C72""","346C72""",6,15.00,90.00
"Door Bottoms C5355CS 84""","C5355CS 84""",4,38.19,152.76
"Door Bottoms 307AV 42""","307AV 42""",s,,0.00
National Guard 601A 36,601A 36,9,7.15,64.35
Thresholds and 950V 72,950V 72,1,22.95,22.95
"Door Bottoms 8153V 42""","8153V 42""",0,,
"Door Bottoms 950V 36"" 420N/520N ","950V 36"" 420N/520N ",2,,0.00
Stanley FBB167 4.5x4.5 USP 1/2 mort.,FBB167 4.5x4.5 USP 1/2 mort.,3,0.00,0.00
Hinges FBB173 4. x4.5 NRP USP,FBB173 4. x4.5 NRP USP,2,0.00,0.00
Hinges FBB179 4.5 x 4.5 NRP USP,FBB179 4.5 x 4.5 NRP USP,0,11.40,
Hinges FBB248 4.5 x 4.5 NRP USP sq. edge swing clear,FBB248 4.5 x 4.5 NRP USP sq. edge swing clear,9,0.00,
Hinges FBB179 4.5 x 4.5 NRP 26D ,"FBB179 4.5 x 4.5 NRP 26D 
",0,0,000
Hinges FBB258 4.5 x 4.5 NRP USP bev edge swing clear,FBB258 4.5 x 4.5 NRP USP bev edge swing clear,12,0.00,000
Cal-Royal BB31 4.5 x 4.5 NRP 32D,BB31 4.5 x 4.5 NRP 32D,156,11.03,"1,720.68"
Hinges BB31 4.5 x 4.5 32D,BB31 4.5 x 4.5 32D,0,11.03,
Hinges BB5200,BB5200,11,25.00,275.00
Hinges BB14031 4-1/2x4-1/2 32D,BB14031 4-1/2x4-1/2 32D,294,11.00,"3,234.00"
Pemko Hinge CFS85 1/2 surf continuous AL,CFS85 1/2 surf continuous AL,0,82.95,
Pemko Hinge CFM83,CFM83,1,82.95,82.95
Pemko Hinge CFS83 full surface,CFS83 full surface,1,125.00,125.00
Pemko Hinge CFS95 continuous,CFS95 continuous,0,66.00,
Pemko Hinge CF83 HD,CF83 HD,,125.00,
Pemko Hinge FM SLI C 83 ,FM SLI C 83 ,,,
Pemko Hinge CHS 83,CHS 83,,,
Pemko Hinge WTCF M 83 HDI ,WTCF M 83 HDI ,,,
"Pemko Hinge CFS full surfact 72"" ","CFS full surfact 72"" ",,,
"Don Jo flush bolts 1555 12"" 1 ea per box","flush bolts 1555 12"" 1 ea per box",0,12.30,
"Don Jo flush bolts 12"" 2 ea per box","flush bolts 12"" 2 ea per box",0,12.30,
Don Jo surface bolts 1580 26D 1 ea per box,surface bolts 1580 26D 1 ea per box,0,9.15,
"Don Jo pull plate 7110, 4x16, 32D","pull plate 7110, 4x16, 32D",3,19.85,59.55
"Don Jo push plate 71 630, 4x16","push plate 71 630, 4x16",4,6.35,25.40
"Don Jo mop plate 4x34, 32D","mop plate 4x34, 32D",0,10.00,
"Don Jo kick plate 8x28, 32D ","kick plate 8x28, 32D ",4,0.00,0.00
"Don Jo kick plate 8x34, 32D","kick plate 8x34, 32D",20,11.00,220.00
"Don Jo kick plate 10x34, J2D","kick plate 10x34, J2D",2,14.00,28.00
Don Jo floor kick SBDH 41300 26D,floor kick SBDH 41300 26D,9,10.00,90.00
Don Jo flush bolts MF6341 26D,flush bolts MF6341 26D,26,12.30,319.80
Don Jo Surface bolts UL 631 (1 ea. Per box),Surface bolts UL 631 (1 ea. Per box),13,10.40,135.20
"Don Jo kick plates 12x34, 32D","kick plates 12x34, 32D",6,28.16,168.96
Don Jo push plate 8200 8x16,push plate 8200 8x16,14,19.85,277.90
Don Jo door stop 1476 626,door stop 1476 626,19,10.00,190.00
"lUes floor stop 444FS, 26D","floor stop 444FS, 26D",6,0.00,0.00
"lUes flush bolts 358B, pair, 10B","flush bolts 358B, pair, 10B",0,0.00,
lUes kick plate 8x34 453,kick plate 8x34 453,6,11.00,66.00
"Hager Hinges 6"" x 6"" 26D","Hinges 6"" x 6"" 26D",4,45.00,180.00
"Cal Royal Kick Plates 8 x 34, 32D","Kick Plates 8 x 34, 32D",4,7500,30000
Cal Royal Trailer hold open,Trailer hold open,22,10.00,22000
MIRRORS 165-1830,MIRROR 18X30,8,$45.96,$367.68
MIRRORS 165-1836,MIRROR 18X36,61,$51.73,"$3,155.53"
MIRRORS 165-2436,MIRROR 24X36,48,$65.48,"$3,143.04"
MIRRORS 165-2448,MIRROR 24X48,3,$95.86,$287.58
MIRRORS 165-2060,MIRROR 20X60,1,$188.57,$188.57
MIRRORS 165-2460,MIRROR 24X60,1,$118.51,$118.51
MIRRORS 1658-1836,TEMPERED MIRROR 18X36,16,$183.29,"$2,932.64"
MIRRORS 290-1836,MIRROR 18X36,2,$100.70,$201.40
MIRRORS 290-2436,MIRROR 24X36,3,$123.62,$370.86
MIRRORS 293-1830,TILT MIRROR 18X30,6,$164.74,$988.44
MIRRORS 293-1836,TILT MIRROR 18X36,6,$210.57,"$1,263.42"
MIRRORS 293-2436,TILT MIRROR 24X36,6,$257.84,"$1,547.04"
TOILET PAPER DISPENSERS 264,SINGLE TOILET PAPER DISPENSER,61,$12.05,$735.05
TOILET PAPER DISPENSERS 265,DOUBLE TOILET PAPER DISPENSER,27,$19.77,$533.79
TOILET PAPER DISPENSERS 2730,SINGLE TOILET PAPER DISPENSER,11,$18.46,$203.06
TOILET PAPER DISPENSERS 2740,DOUBLE TOILET PAPER DISPENSER,34,521.48,$730.32
TOILET PAPER DISPENSERS 2840,DOUBLE TOILET PAPER DISPENSER,12,$58.40,$700.80
TOILET PAPER DISPENSERS 2888,DOUBLE TOILET PAPER DISPENSER,16,$S2.77,$844.32
TOILET PAPER DISPENSERS 2890,SINGLE TOILET PAPER DISPENSER,5,$50.02,$250.10
TOILET PAPER DISPENSERS 2892,DOUBLE TOILET PAPER DISPENSER,4,$144.44,$577.76
TOILET PAPER DISPENSERS 3588,DOUBLE TOILET PAPER DISPENSER,0,$133.31,$0.00
TOILET PAPER DISPENSERS 4288,DOUBLE TOILET PAPER DISPENSER,9,$96.77,$870.93
TOILET PAPER DISPENSERS 543,SINGLE TOILET PAPER DISPENSER,6,$42.82,$256.92
TOILET PAPER DISPENSERS 685,SINGLE TOILET PAPER DISPENSER,5,$41.77,$208.85
TOILET PAPER DISPENSERS 7685,SINGLE TOILET PAPER DISPENSER,32,$15.45,$494.40
TOILET PAPER DISPENSERS 76857,SINGLE TOILET PAPER DISPENSER,21,$15.45,$324.4S
TOILET PAPER DISPENSERS 7686,DOUBLE TOILET PAPER DISPENSER,12,$24.23,$290.76
TOILET PAPER DISPENSERS 76867,DOUBLE TOILET PAPER DISPENSER,14,$24.23,$339.22
TOILET PAPER DISPENSERS 273-103,SPINDLES,53,$4.50,$238.50
PAPER TOWEL DISPSENSERS 262,PAPER TOWEL DISPENSER,51,$41.90,"$2,136.90"
PAPER TOWEL DISPSENSERS 2621,PAPER TOWEL DISPENSER,10,$40.77,$407.70
PAPER TOWEL DISPSENSERS 2860,TOWEL DISPENSER-ROLL,3,$282.07,$846.21
PAPER TOWEL DISPSENSERS 359,RECESS TOWEL DISPENSER,6,$97.69,$586.14
WASTE RECEPTACLE/CHUTES 277,WASTE RECEPTACLE,3,$248.15,$744.4S
WASTE RECEPTACLE/CHUTES 279,WASTE RECEPTACLE,8,$86.03,$688.24
WASTE RECEPTACLE/CHUTES 3644,RECESSED WASTE RECEPTACLE,2,5194.72,$389.44
WASTE RECEPTACLE/CHUTES 529,WASTE CHUTE,13,$92.97,"$1,208.61"
WASTE RECEPTACLE/CHUTES 532,WASTE CHUTE,12,$70.32,$843.84
PAPER TOWEL/WASTE RECEPTACLES 369,RECESS TOWEL/WASTE,8,$149.28,"$1,194.24"
PAPER TOWEL/WASTE RECEPTACLES 3699,TOWEL/WASTE,7,$217.51,"51,522.57"
PAPER TOWEL/WASTE RECEPTACLES 38032,SEMI-RECESS TOWEL/WASTE,3,$408.96,"$1,226.88"
PAPER TOWEL/WASTE RECEPTACLES 3944,RECESS TOWEL/WASTE,9,$273.55,"$2,461.95"
PAPER TOWEL/WASTE RECEPTACLES 3942-57,SEMI-RECESS COLLAR-3944,4,114.60,458.4
PAPER TOWEL/WASTE RECEPTACLES 3949-57,SURFACE COLLOR-3944,1,$152.75,$152.75
GRAB BARS 5806-18,"18"" GRAB BAR 1.25",16,$24.49,$391.84
GRAB BARS 5806-24,"24"" GRAB BAR 1.25",43,$25.14,"$1,081.02"
GRAB BARS 5806-30,"30"" GRAB BAR 1.25",12,$25.93,$311.16
GRAB BARS 5806-36,"36"" GRAB BAR 1.25",18,$26.71,$480.78
GRAB BARS 5806-42,"42"" GRAB BAR 1.25",16,$29.20,$467.20
GRAB BARS 5806.99-18,18“ PEENED GRAB BAR 1.25,12,$29.73,$356.76
GRAB BARS 5806.99-36,"36"" PEENED GRAB BAR 1.25",5,$33.92,$169.60
GRAB BARS 5806.99-42,"42"" PEENED GRAB BAR 1.2S",5,$34.57,$172.85
GRAB BARS 6806-18,"18"" GRAB BAR 1.5",4,$25.01,$100.04
GRAB BARS 6806-24,24“ GRAB BAR 1.5,18,$26.71,$480.78
GRAB BARS 6806-30,"30"" GRAB BAR 1.5",12,$27.76,$333.12
GRAB BARS 6806-36,"36"" GRAB BAR 1.5",107,$29.99,"$3,208.93"
GRAB BARS 6806-42,"42"" GRAB BAR 1.5",75,$32.08,"$2,406.00"
GRAB BARS 6806-48,"48"" GRAB BAR 1.5",7,$36.14,$252.98
GRAB BARS 6806.99-18,"18"" PEENED GRAB BAR 1.5",5,$31.30,$156.50
GRAB BARS 6806.99-24,"24"" PEENED GRAB BAR 1.5",10,$33.26,$332.60
GRAB BARS 6806.99-30,"30"" PEENED GRAB BAR 1.5",12,$35.36,$424.32
GRAB BARS 6806.99-36,"36"" PEENED GRAB BAR 1.5",19,$36.67,$696.73
GRAB BARS 6806.99-42,"42"" PEENED GRAB BAR 1.5",19,$38.11,$724.09
GRAB BARS 6861,SHOWER GRAB BAR 1.5,5,$86.30,$431.50
GRAB BARS 6897,"42""X54"" GRAB BAR 1.5",0,$107.38,$0.00
GRAB BARS D-7867-SS,CANE PROTECTOR,0,$98.83,$0.00
SEAT COVER DISPENSERS 221,SEAT COVER DISPENSER,10,$27.37,$273.70
SEAT COVER DISPENSERS 4221,SEAT COVER DISPENSER,5,$76.34,$381.70
SPECIMEN CABINETS 505,SPECIMEN CABINET-STANDARD,3,$396.78,"$1,190.34"
SPECIMEN CABINETS 50516,"SPECIMEN CABINET - 7""",3,$525.11,"$1,575.33"
SPECIMEN CABINETS 50517,"SPECIMEN CABINET - 11""",2,$587.70,"$1,175.40"
HANDDRYERS 7120-115,HANDDYER-WHITE,0,S384.73,$0.00
HANDDRYERS 7128-115,HANDDRYERSTAINLESSSTEEL,2,$467.75,$935.50
SOAP DISPENSERS 2012,SOAP DISPENSER,2,$127.94,$255.88
SOAP DISPENSERS 2013,FOAM SOAP DISPENSER,20,$147.06,"$2,941.20"
SOAP DISPENSERS 2111,SOAP DISPENSER,37,$31.30,"$1,158.10"
SOAP DISPENSERS 2112,SOAP DISPENSER,19,$31.30,$594.70
SOAP DISPENSERS 42,SOAP DISPENSER,7,$22.39,$156.73
SOAP DISPENSERS 4112,SOAP DISPENSER,9,ț55.78,Ș502.02
SOAP DISPENSERS 818615,SOAP DISPENSER,18,$75.30,"$1,355.40"
SOAP DISPENSERS 822,LAV SOAP DISPENSER,16,$35.23,$563.68
SOAP DISPENSERS 82216,LAV SOAP DISPENSER,14,$40.99,S/73.86
SOAP DISPENSERS 8226,LAV SOAP DISPENSER,6,$40.99,$245.94
SANITARY NAPKIN DISPOSALS 254,SANITARY NAPKIN DISPOSAL,14,$88.78,"$1,242.92"
SANITARY NAPKIN DISPOSALS 270,SANITARY NAPKIN DISPOSAL,29,$27.11,$786.19
SANITARY NAPKIN DISPOSALS 353,RECESS SANITARY NAPKIN DISPOSAL,10,$103.71,"$1,037.10"
SANITARY NAPKIN DISPOSALS 354,DUAL SANITARY NAPKIN DISPOSAL,7,$134.35,$940.45
SANITARY NAPKIN DISPOSALS 4353,RECESS SANITARY NAPKIN DISPOSAL,3,5186.08,$558.24
SANITARY NAPKIN DISPOSALS 4354,DUAL SANITARY NAPKIN DISPOSAL,2,$253.65,$507.30
SHOWER RODS/CURTAINS 204-1,CURTAIN HOOK,62,$1.44,$89.28
SHOWER RODS/CURTAINS 204-2,CURTAIN 42X72,10,$27.37,$273.70
SHOWER RODS/CURTAINS 204-3,CURTAIN 70X72,17,$29.33,$498.61
SHOWER RODS/CURTAINS 6047-48,"SHOWER ROD 48""",11,$29.59,$325.49
SHOWER RODS/CURTAINS 6047-72,"SHOWER ROD 72""",0,$39.29,8o.oo
SHOWER RODS/CURTAINS 9537-4278,SHOWER CURTAIN 42X78,18,$34.00,5612.00
SHOWER RODS/CURTAINS 9537-7278,SHOWER CURTAIN 72X78,17,$53.50,5909.50
SHOWER RODS/CURTAINS 9540,ROLLER CURTAIN HOOK,24,50.50,$12.00
ROBE HOOKS 211,ROBE HOOK,8,$16.11,$128.88
ROBE HOOKS 2116,ROBE HOOK,8,$17.15,$137.20
ROBE HOOKS 212,ROBE HOOK/BUMPER,42,$7.46,$313.32
ROBE HOOKS 233,ROBE HOOK,32,$11.52,$368.64
ROBE HOOKS 670,ROBE HOOK,36,$21.61,$777.96
ROBE HOOKS 671,ROBE HOOK,13,$21.34,$277.42
ROBE HOOKS 672,DOUBLE ROBE HOOK,17,$24.88,$422.96
ROBE HOOKS 6827,ROBE HOOK,0,$33.00,$o.o0
ROBE HOOKS 7671,ROBE HOOK,17,$7.99,$135.83
ROBE HOOKS 76717,ROBE HOOK,97,$7.99,$775.03
ROBE HOOKS 7672,DOUBLE ROBE HOOK,18,$9.95,S179.10
ROBE HOOKS 76727,DOUBLE ROBE HOOK,25,$9.95,5248.7S
BABY CHANGING STAION KB311-5SWM,BABY CHANGING STAION,2,"Ș1,395.00","52,790.00"
SHOWER SEATS 5181,SHOWER SEAT,2,5276.30,$552.60
SHOWER SEATS 5191,SHOWER SEAT,0,$227.98,$0.00
MOP/BROOM HOLDERS 223-24,"MOP/BROOM HOLDER-24""",2,$62.73,$125.46
MOP/BROOM HOLDERS 223-36,"MOP/BROOM HOLDER-36""",3,$78.96,$236.88
MOP/BROOM HOLDERS 239-34,"MOP/BROOM  HOLDER/SHELF-34""",1,$240.03,$240.03
STOCK SIGNS,STOCK SIGN,612,$5.50,"$3,366.00"
EXTINGUISHERS/CABINETS MPSA,5 LB. MULTIPURPOSE FE,17,$59.67,"$1,014.39"
EXTINGUISHERS/CABINETS MP10,10 LB. MULTIPURPOSE  FE,0,$80.76,$o.0o
EXTINGUISHERS/CABINETS 2409-6R,WHITE STEEL CABINET,2,$89.76,$179.52
EXTINGUISHERS/CABINETS AL2409-6R,ALUMINUM CABINET,9,$117.50,"$1,057.50"
EXTINGUISHERS/CABINETS BL-108,ARROW WALL DECAL,76,$6.20,5471.20
EXTINGUISHERS/CABINETS RDC,RED DIE CUT LETTERING,24,$3.50,$84.00
EXTINGUISHERS/CABINETS BDC,BLACK DIE CUT LETTERING,13,$3.50,$45.50
BIKE RACKS,3 LOOP INGROUND-GALVANIZED,1,$279.65,279.65
"Pipe-Tubing 2"" SCH40 (24')","2"" SCH40 (24')",768,2.36,
"Pipe-Tubing 2 1/2"" SCH40 (21')","2 1/2"" SCH40 (21')",0,3.23,
"Pipe-Tubing 3"" SCH40 (24') BLK","3"" SCH40 (24') BLK",0,6.44,
"Pipe-Tubing 1 5/8"" .065 GRN","1 5/8"" .065 GRN",672,2.57,
"Pipe-Tubing 4"" SCH40 (21) ","4"" SCH40 (21) ",480,9.1,
"Pipe-Tubing 2"" .065 (24')","2"" .065 (24')",4416,2.39,
Pipe-Tubing 2 1/2 SCH40 (24'),2 1/2 SCH40 (24'),840,3.23,
"Pipe-Tubing 3"" SCH40 (24') ","3"" SCH40 (24') ",96,5.79,
"Pipe-Tubing 3"" SCH40 (24') ","3"" SCH40 (24') ",0,5.79,
"Pipe-Tubing 6 5/8"" SCH40 (24')","6 5/8"" SCH40 (24')",0,39.27,
"Pipe-Tubing 1 5/8"" .065 (21') ","1 5/8"" .065 (21') ",1302,2.08,
"Pipe-Tubing 1 5/8"" .065 (21') ","1 5/8"" .065 (21') ",0,2.08,
"Pipe-Tubing 4"" x SCH40 BLK (24')","4"" x SCH40 BLK (24')",240,9.3,
"Pipe-Tubing 1 5/8"" SCH40 BLK (21')","1 5/8"" SCH40 BLK (21')",630,2.57,
"Pipe-Tubing 1 5/8"" SCH40 BLK (21')","1 5/8"" SCH40 BLK (21')",0,2.57,
"Pipe-Tubing 1 5/8"" SCH40 BLK (21')","1 5/8"" SCH40 BLK (21')",0,2.57,
"Pipe-Tubing 1 5/8""  SCH40 (21')","1 5/8""  SCH40 (21')",3843,2.28,
"Pipe-Tubing 2"" SCH40 (24')","2"" SCH40 (24')",0,2.72,
"Pipe-Tubing 2"" SCH40 .065 (21')","2"" SCH40 .065 (21')",0,2.39,
"Pipe-Tubing 4"" x 12' SCH80 ","4"" x 12' SCH80 ",0,28.49,
"Pipe-Tubing 1 3/8"" .065 (21) ","1 3/8"" .065 (21) ",714,1.58,
Pipe-Tubing 2 x 8 SCH40,2 x 8 SCH40,70,21.76,
Pipe-Tubing 2 1/2 x 10,2 1/2 x 10,7,36.5,
Pipe-Tubing 1 5/8 SCH40 (18) ,1 5/8 SCH40 (18) ,0,2.27,
Pipe-Tubing 2 1/2 x 10 SCH40,2 1/2 x 10 SCH40,0,36.5,
Pipe-Tubing 2-1/2 x 8 SCH40 BLK,2-1/2 x 8 SCH40 BLK,60,35.86,
"Pipe-Tubing 2 1/2 x 10'6"" SCH40","2 1/2 x 10'6"" SCH40",0,76.76,
Pipe-Tubing 2 x 9 SCH40,2 x 9 SCH40,0,24.48,
Pipe-Tubing Temp Posts 10',Temp Posts 10',240,10,
Pipe-Tubing Temp Posts 8',Temp Posts 8',30,8,
Fabric 6 x 11 1/2 GALV,6 x 11 1/2 GALV,900,2.65,
Fabric 6 x 9  GALV,6 x 9  GALV,650,4.75,
Fabric 6 x 8 BLK,6 x 8 BLK,100,5.88,
Fabric 7 x 9 GALV,7 x 9 GALV,300,5.54,
Fabric 8 x 11 1/2 GALV,8 x 11 1/2 GALV,300,3.75,
Fabric 8 x 8 BLK,8 x 8 BLK,700,7.85,
Fabric 7 x 8 GRN,7 x 8 GRN,100,6.87,
Fabric 7 x 8 GRN,8 x 8 GRN,0,6.8,
Fabric 8 x 9 GALV,8 x 9 GALV,50,5.82,
Fabric 7 x 8 BLK,7 x 8 BLK,0,5.95,
Fabric 7 x 9 GALV,7 x 9 GALV,0,4.83,
Fabric 8 x 6 GALV,8 x 6 GALV,0,10.24,
Fabric 8 x 9 GALV,8 x 9 GALV,0,5.52,
Fabric 10 x 9 Tennis Court Wire (25' Roll) ,10 x 9 Tennis Court Wire (25' Roll) ,0,7.6,
Fabric 8 x 8 BLK,8 x 8 BLK,0,6.8,
Parts 2 1/2 Plain Tension Bands,2 1/2 Plain Tension Bands,1100,0.65,
Parts 3 Bev Brace Bands,3 Bev Brace Bands,50,1.27,
Parts 3 Plain Tension Bands,3 Plain Tension Bands,2100,0.83,
Parts 3 Bev Tension Bands ,3 Bev Tension Bands ,50,1.65,
Parts 2 Plain Tension Bands,2 Plain Tension Bands,100,0.6,
Parts 1 3/8 Plain Tension Bands,1 3/8 Plain Tension Bands,250,0.51,
"Parts 4"" Plain Tension Bands","4"" Plain Tension Bands",650,1.25,
Parts 6 5/8 Plain Tension Bands,6 5/8 Plain Tension Bands,12,2.31,
Parts 1 3/8 Plain Brace Bands,1 3/8 Plain Brace Bands,300,0.68,
Parts 1 5/8 Plain Brace Bands,1 5/8 Plain Brace Bands,300,0.69,
Parts 2 Plain Brace Bands,2 Plain Brace Bands,200,0.7,
Parts 2 1/2 Plain Brace Bands,2 1/2 Plain Brace Bands,200,0.63,
Parts 3 Plain Brace Bands,3 Plain Brace Bands,250,0.89,
Parts 1 3/8 ALM Dome Caps,1 3/8 ALM Dome Caps,300,1.26,
Parts 1 5/8 PS Dome Caps ,1 5/8 PS Dome Caps ,50,0.9,
Parts 2 PS Dome Caps ,2 PS Dome Caps ,400,1.5,
Parts 3 PS Dome Caps ,3 PS Dome Caps ,80,2.6,
Parts 4 PS Dome Caps,4 PS Dome Caps,50,5.12,
Parts 2 1/2 PS Dome Caps,2 1/2 PS Dome Caps,250,2.21,
Parts 4 Plain Brace Bands,4 Plain Brace Bands,0,1.36,
Parts 4 Bev Brace Bands ,4 Bev Brace Bands ,1100,1.89,
Parts 2 PS Loop Caps,2 PS Loop Caps,100,2.03,
Parts 3 PS Loop Caps ,3 PS Loop Caps ,0,4.18,
Parts 2 1/2 PS Loop Caps ,2 1/2 PS Loop Caps ,2300,2.73,
Parts 4 x 1 5/8 BLVD Clamps,4 x 1 5/8 BLVD Clamps,300,3.89,
Parts 1 3/8 Brace Bands,1 3/8 Brace Bands,0,0.68,
"Parts 6"" Galv Sleeves ","6"" Galv Sleeves ",0,1.68,
Parts 3 Plain Brace Bands,3 Plain Brace Bands,0,0.89,
"Parts 4"" Bec Tension Bands","4"" Bec Tension Bands",1000,1.89,
Parts 4 Brace Bands BLK,4 Brace Bands BLK,200,2.31,
Parts 2 Plain Tension Bands BLK,2 Plain Tension Bands BLK,250,1.21,
Parts 1 5/8 Plain Tension Bands BLK,1 5/8 Plain Tension Bands BLK,300,1.13,
"Parts 6"" BLK Sleeves ","6"" BLK Sleeves ",500,3,
Parts 3 Fork Latch BLK,3 Fork Latch BLK,4,3,
Parts 1 3/8 Plain Tension Band,1 3/8 Plain Tension Band,0,0.67,
Parts  4 PS Dome Cap BLK,4 PS Dome Cap BLK,50,4,
Parts 3 PS Dome Cap BLK,3 PS Dome Cap BLK,75,3.5,
Parts 2 Plain Brace Bands BLK,2 Plain Brace Bands BLK,250,1.55,
Parts 1 5/8 Plain Brace Band BLK,1 5/8 Plain Brace Band BLK,200,1.44,
Parts 1 3/8 Plain Brace Bands BLK,1 3/8 Plain Brace Bands BLK,0,1.38,
Parts 2 1/2 Plain Brace Bands BLK,2 1/2 Plain Brace Bands BLK,400,1.59,
Parts 2 1/2 Plain Tension Bands BLK,2 1/2 Plain Tension Bands BLK,25,1.36,
Parts 2 PS Dome Caps BLK,2 PS Dome Caps BLK,300,2.06,
"Parts 9 ga 8 1/2"" Ties ALM BLK ","9 ga 8 1/2"" Ties ALM BLK ",1000,0.18,
"Parts 9 ga 8 1/2"" Ties ALM ","9 ga 8 1/2"" Ties ALM ",1000,0.15,
"Parts 9 ga 6 1/4"" Ties ALM ","9 ga 6 1/4"" Ties ALM ",2000,0.12,
Parts 2-1/2 x 1-5/8 BWA,2-1/2 x 1-5/8 BWA,25,10.01,
"Parts 2"" x 1-5/8 BWA","2"" x 1-5/8 BWA",600,5.81,
"Parts 2"" Rail End","2"" Rail End",500,2.11,
"Parts 2"" OSRE Combo ","2"" OSRE Combo ",200,1.61,
"Parts 12"" Front Wheel Cariers","12"" Front Wheel Cariers",41,169.51,
Parts Truss Rod Tightners,Truss Rod Tightners,50,3.14,
Parts Rear Wheel Bracket/Extender,Rear Wheel Bracket/Extender,10,3.86,
"Parts 4"" Malleable Cantilever Wheels","4"" Malleable Cantilever Wheels",100,78,
"Parts 4"" Nylon Cantilever Wheel","4"" Nylon Cantilever Wheel",18,132,
Parts 6-5/8 Black Brace Band,6-5/8 Black Brace Band,50,,
Parts 6-5/8 Black Tension Band ,6-5/8 Black Tension Band ,50,,
Parts 1-5/8 OSRE Black ,1-5/8 OSRE Black ,50,,
"Parts 2"" x 1-5/8 Black PS Loop Cap","2"" x 1-5/8 Black PS Loop Cap",100,,
Parts 2-1/2 Black PS Loop Cap,2-1/2 Black PS Loop Cap,100,,
Parts 2 x 1-5/8 45-BWA Black ,2 x 1-5/8 45-BWA Black ,50,,
Parts 2-1/2 x 1-5/8 BWA Black ,2-1/2 x 1-5/8 BWA Black ,25,,
Parts 1-5/8 Fork Collars,1-5/8 Fork Collars,100,,
Parts Black Truss Rod Tightners,Black Truss Rod Tightners,300,,
"Parts Class III Galv, BW","Class III Galv, BW",28,167,
"Parts Class III Galv, BW",Class III Black BW,5,301.72,
Parts Class III Green BW,Class III Green BW,1,253.11,
Parts 7 ga Aluminized Tension Wire,7 ga Aluminized Tension Wire,3,183.71,
Parts 6ga Black Tension Wire,6ga Black Tension Wire,7,277.86,
Parts 6ga Green Tension Wire,6ga Green Tension Wire,1,277.86,
Parts 3/8 x 11' Galv Truss Rods ,3/8 x 11' Galv Truss Rods ,35,,
Parts 3/8 x 11' Black Truss Rods,3/8 x 11' Black Truss Rods ,8,,
Parts 3/8 x 11' Green Truss Rods,3/8 x 11' Green Truss Rods,12,,
Parts 6' Galv Tension Bars,6' Galv Tension Bars,0,,
Parts 6' Black Tension Bars ,6' Black Tension Bars ,10,,
Parts 4' Galv Tension Bars,4' Galv Tension Bars,75,,
Parts 4' Black Tension Bars,4' Black Tension Bars,0,,
Parts 4' Green Tension Bars,4' Green Tension Bars,20,,
Parts 7' Galv Tension Bars,7' Galv Tension Bars,0,,
Parts  8' Galv Tension Bars,8' Galv Tension Bars,9,,
Parts 8' Black Tension Bars,8' Black Tension Bars,17,,
Parts 10' Galv Tension Bars,10' Galv Tension Bars,25,,
Parts 10' Black Tension Bars,10' Black Tension Bars,4,,
Parts 10' Green Tension Bars,10' Green Tension Bars,20,,
Gates 6' x 12' TEMP Panels (NEW),6' x 12' TEMP Panels (NEW),80,115,
Gates 6 x 12 Temp Panels (Used),6 x 12 Temp Panels (Used),279,38.5,
Gates 8' x 10' Temp Panels (Used) ,8' x 10' Temp Panels (Used) ,120,43.5,
Gates 12'w x 6'h +3BW Gate Leaf ,12'w x 6'h +3BW Gate Leaf ,6,350,
"Gate Hardware 2 1/2"" Bulldog ","2 1/2"" Bulldog ",20,15.76,
"Gate Hardware 3"" Bulldog","3"" Bulldog",15,17.17,
"Gate Hardware 4"" Bulldog","4"" Bulldog",30,19.2,
Gate Hardware 6 5/8 Bulldog ,6 5/8 Bulldog ,12,28.01,
Gate Hardware IND Drop Rod Guides,IND Drop Rod Guides ,100,4.25,
Gate Hardware Universal Track Bracket ,Universal Track Bracket ,40,12,
Gate Hardware Duck Bill Holdback,Duck Bill Holdback,100,8.56,
Gate Hardware 2 1/2 Fork Latch ,2 1/2 Fork Latch ,200,1.43,
"Gate Hardware 3"" Fork Latch ","3"" Fork Latch ",20,1.67,
Gate Hardware Pressed Steel Rear Wheel ,Pressed Steel Rear Wheel ,10,20.53,
Gate Hardware Roll Gate Latch ,Roll Gate Latch ,0,15.22,
"Gate Hardware 3"" Male Hinge ","3"" Male Hinge ",150,2.43,
Gate Hardware 2 1/2 Bulldog BLK,2 1/2 Bulldog BLK,12,26.73,
"Gate Hardware 3"" Bulldog BLK","3"" Bulldog BLK",20,29.45,
"Gate Hardware 4"" Bulldog BLK","4"" Bulldog BLK",15,30.94,
"Gate Hardware 6 5/8"" Bulldog BLK","6 5/8"" Bulldog BLK",8,55.91,
Gate Hardware IND Drop Rods BLK,IND Drop Rods BLK,20,6.56,
Gate Hardware 180 Degree Adapters BLK,180 Degree Adapters BLK,10,35.31,
"Gate Hardware 3"" Fork Latch BLK","3"" Fork Latch BLK",4,26.56,
Fastners 5/16 x 1-1/4 Carriage Bolts,5/16 x 1-1/4 Carriage Bolts,1100,0.11,
 Fastners 5/16 x 1-1/4 Carriage Bolts Black ,5/16 x 1-1/4 Carriage Bolts Black ,1300,0.16,
Fastners 3/8 x 2-1/2 Carriage Bolts,3/8 x 2-1/2 Carriage Bolts,900,0.38,
"Fastners 1/2 x 3"" Concrete Anchors","1/2 x 3"" Concrete Anchors",500,5,
"Fastners 1-3/4"" Galv Fence Staples (Box of 960)","1-3/4"" Galv Fence Staples (Box of 960)",3,110,
